-- Database Export for Remote Server
-- Generated: 2025-11-06 11:53:08
-- Database: shoppn

SET FOREIGN_KEY_CHECKS = 0;

-- Categories
DELETE FROM categories;
INSERT INTO categories (cat_id, cat_name, user_id, created_at, updated_at) VALUES (2, 'purses', 5, '2025-10-02 20:23:21', '2025-10-02 21:01:54');
INSERT INTO categories (cat_id, cat_name, user_id, created_at, updated_at) VALUES (3, 'bags', 5, '2025-10-06 12:41:55', '2025-11-04 18:42:58');
INSERT INTO categories (cat_id, cat_name, user_id, created_at, updated_at) VALUES (25, 'shoes', 5, '2025-11-04 19:14:07', '2025-11-04 19:14:07');
INSERT INTO categories (cat_id, cat_name, user_id, created_at, updated_at) VALUES (26, 'Footwear', 32, '2025-11-06 11:11:51', '2025-11-06 11:11:51');
INSERT INTO categories (cat_id, cat_name, user_id, created_at, updated_at) VALUES (27, 'Electronics', 32, '2025-11-06 11:11:51', '2025-11-06 11:11:51');
INSERT INTO categories (cat_id, cat_name, user_id, created_at, updated_at) VALUES (28, 'Clothing', 32, '2025-11-06 11:11:51', '2025-11-06 11:11:51');
INSERT INTO categories (cat_id, cat_name, user_id, created_at, updated_at) VALUES (29, 'Home Appliances', 32, '2025-11-06 11:11:51', '2025-11-06 11:11:51');
INSERT INTO categories (cat_id, cat_name, user_id, created_at, updated_at) VALUES (30, 'Beauty & Care', 32, '2025-11-06 11:11:51', '2025-11-06 11:11:51');

-- Brands
DELETE FROM brands;
INSERT INTO brands (brand_id, brand_name, brand_description, cat_id, user_id, brand_logo, is_active, created_at, updated_at) VALUES (1, 'abbybags', 'Made in Ghana', 3, 5, NULL, 1, '2025-11-04 19:08:06', '2025-11-04 19:08:06');
INSERT INTO brands (brand_id, brand_name, brand_description, cat_id, user_id, brand_logo, is_active, created_at, updated_at) VALUES (2, 'kojoshoes', 'kojo and his fine shoes are here for you', 25, 5, NULL, 1, '2025-11-04 19:14:40', '2025-11-04 19:14:40');
INSERT INTO brands (brand_id, brand_name, brand_description, cat_id, user_id, brand_logo, is_active, created_at, updated_at) VALUES (3, 'nike', 'new', 25, 5, NULL, 1, '2025-11-05 17:14:45', '2025-11-05 17:14:45');
INSERT INTO brands (brand_id, brand_name, brand_description, cat_id, user_id, brand_logo, is_active, created_at, updated_at) VALUES (4, 'Nike', 'Sports and casual shoes', 26, 32, NULL, 1, '2025-11-06 11:11:51', '2025-11-06 11:11:51');
INSERT INTO brands (brand_id, brand_name, brand_description, cat_id, user_id, brand_logo, is_active, created_at, updated_at) VALUES (5, 'Adidas', 'Athletic footwear and apparel', 26, 32, NULL, 1, '2025-11-06 11:11:51', '2025-11-06 11:11:51');
INSERT INTO brands (brand_id, brand_name, brand_description, cat_id, user_id, brand_logo, is_active, created_at, updated_at) VALUES (6, 'Samsung', 'Electronics and smart devices', 27, 32, NULL, 1, '2025-11-06 11:11:51', '2025-11-06 11:11:51');
INSERT INTO brands (brand_id, brand_name, brand_description, cat_id, user_id, brand_logo, is_active, created_at, updated_at) VALUES (7, 'Apple', 'Phones, tablets, and accessories', 27, 32, NULL, 1, '2025-11-06 11:11:51', '2025-11-06 11:11:51');
INSERT INTO brands (brand_id, brand_name, brand_description, cat_id, user_id, brand_logo, is_active, created_at, updated_at) VALUES (8, 'Zara', 'Trendy fashion clothing', 28, 32, NULL, 1, '2025-11-06 11:11:51', '2025-11-06 11:11:51');
INSERT INTO brands (brand_id, brand_name, brand_description, cat_id, user_id, brand_logo, is_active, created_at, updated_at) VALUES (9, 'LG', 'Home and kitchen appliances', 29, 32, NULL, 1, '2025-11-06 11:11:51', '2025-11-06 11:11:51');
INSERT INTO brands (brand_id, brand_name, brand_description, cat_id, user_id, brand_logo, is_active, created_at, updated_at) VALUES (10, 'Philips', 'Home gadgets and electronics', 29, 32, NULL, 1, '2025-11-06 11:11:51', '2025-11-06 11:11:51');
INSERT INTO brands (brand_id, brand_name, brand_description, cat_id, user_id, brand_logo, is_active, created_at, updated_at) VALUES (11, 'Nivea', 'Skin care and personal hygiene', 30, 32, NULL, 1, '2025-11-06 11:11:51', '2025-11-06 11:11:51');
INSERT INTO brands (brand_id, brand_name, brand_description, cat_id, user_id, brand_logo, is_active, created_at, updated_at) VALUES (12, 'L\'Oréal', 'Beauty and cosmetics products', 30, 32, NULL, 1, '2025-11-06 11:11:51', '2025-11-06 11:11:51');

-- Products
DELETE FROM products;
INSERT INTO products (product_id, product_cat, product_brand, product_title, product_price, product_desc, product_image, product_keywords) VALUES (2, 26, 4, 'Nike Air Max 270', 120, 'Lightweight sneakers for everyday wear', 'uploads/u1/p1/airmax.png', 'shoes, running');
INSERT INTO products (product_id, product_cat, product_brand, product_title, product_price, product_desc, product_image, product_keywords) VALUES (3, 26, 5, 'Adidas Ultraboost 22', 150, 'High-performance running shoes', 'uploads/u1/p2/ultraboost.png', 'running, sport');
INSERT INTO products (product_id, product_cat, product_brand, product_title, product_price, product_desc, product_image, product_keywords) VALUES (4, 27, 6, 'Samsung Galaxy S23', 999, 'Flagship Android smartphone', 'uploads/u1/p3/s23.png', 'phone, android');
INSERT INTO products (product_id, product_cat, product_brand, product_title, product_price, product_desc, product_image, product_keywords) VALUES (5, 27, 7, 'Apple iPhone 15 Pro', 1199, 'Latest iPhone with A17 chip', 'uploads/u1/p4/iphone15.png', 'phone, ios');
INSERT INTO products (product_id, product_cat, product_brand, product_title, product_price, product_desc, product_image, product_keywords) VALUES (6, 28, 8, 'Zara Summer Dress', 80, 'Light and stylish cotton summer dress', 'uploads/u1/p5/dress.png', 'dress, fashion');
INSERT INTO products (product_id, product_cat, product_brand, product_title, product_price, product_desc, product_image, product_keywords) VALUES (7, 29, 9, 'LG Smart Refrigerator', 1350, 'Energy-efficient smart refrigerator', 'uploads/u1/p6/fridge.png', 'fridge, kitchen');
INSERT INTO products (product_id, product_cat, product_brand, product_title, product_price, product_desc, product_image, product_keywords) VALUES (8, 29, 10, 'Philips Air Fryer', 200, 'Compact air fryer for healthy cooking', 'uploads/u1/p7/airfryer.png', 'cooking, kitchen');
INSERT INTO products (product_id, product_cat, product_brand, product_title, product_price, product_desc, product_image, product_keywords) VALUES (9, 30, 11, 'Nivea Body Lotion', 15, 'Deep moisturizing body lotion', 'uploads/u1/p8/lotion.png', 'skincare, body');
INSERT INTO products (product_id, product_cat, product_brand, product_title, product_price, product_desc, product_image, product_keywords) VALUES (11, 30, 12, 'L\'Oreal Face Cream', 50, 'The best cream for your face', 'uploads/u5/p11/product_11_1762428669.jpeg', 'face, cream, beauty');

-- Customers (optional - review before importing)
-- DELETE FROM customer;
-- INSERT INTO customer (customer_id, customer_name, customer_email, customer_pass, customer_country, customer_city, customer_contact, customer_image, user_role) VALUES (1, 'Naa Ayeley Adu-Aryee', 'naa@gmail.com', '$2y$10$p5FO08NgYm0BwaLYNdGcSebvvBg2K7WjWlKmCoEWGmcxapZjq6RUS', 'Ghana', 'Accra', '0208855104', NULL, 2);
-- INSERT INTO customer (customer_id, customer_name, customer_email, customer_pass, customer_country, customer_city, customer_contact, customer_image, user_role) VALUES (2, 'Naa Ayeley Adu-Aryee', 'ayeley.aryee@ashesi.edu.gh', '$2y$10$yknN5HSWzXIrHJgLiJHQ8OZUigdc29rigeFpQ4d2L2Fofc2lZebHW', 'Ghana', 'Accra', '0208855104', NULL, 2);
-- INSERT INTO customer (customer_id, customer_name, customer_email, customer_pass, customer_country, customer_city, customer_contact, customer_image, user_role) VALUES (3, 'Naa Ayeley Adu-Aryee', 'nayeleyaduaryee@gmail.com', '$2y$10$x/6hBllBXpvoX2IOffVrN.HF.BsLV85R0hFu2/2qCF6TQ.SST4K8q', 'Ghana', 'Accra', '0208855104', NULL, 2);
-- INSERT INTO customer (customer_id, customer_name, customer_email, customer_pass, customer_country, customer_city, customer_contact, customer_image, user_role) VALUES (4, 'Susan Zwennes', 'suezwen@gmail.com', '$2y$10$AWzeMsmYZo2s3VEghykSvuCu6a9J.f1nrApOHuEhg/c7oyHjNrEh2', 'Ghana', 'Accra', '0208855104', NULL, 2);
-- INSERT INTO customer (customer_id, customer_name, customer_email, customer_pass, customer_country, customer_city, customer_contact, customer_image, user_role) VALUES (5, 'Victor', 'victor@gmail.com', '$2y$10$tm8OHMezW.B6W7SDg6B.KOk4PzdkUeVQNY26zQw7j1FO.vLQS9Zla', 'Ghana', 'Accra', '0208855104', NULL, 1);
-- INSERT INTO customer (customer_id, customer_name, customer_email, customer_pass, customer_country, customer_city, customer_contact, customer_image, user_role) VALUES (6, 'Naa Ayeley Adu-Aryee', 'stacey@gmail.com', '$2y$10$oMuMtD1PFbXaKANFnZq1YuIhd9uocljJ3YhTLpkzFVWe3qu.NaDeW', 'Ghana', 'Accra', '0208855104', NULL, 0);
-- INSERT INTO customer (customer_id, customer_name, customer_email, customer_pass, customer_country, customer_city, customer_contact, customer_image, user_role) VALUES (10, 'Susan Adu-Aryee', 'suezwen5@gmail.com', '$2y$12$J56RcmFoUaobZAILEUt.IeI.xfLE4IOTsqYkZnXLzyS627ztvgPTO', 'Other', 'Accra', '0208164811', NULL, 2);
-- INSERT INTO customer (customer_id, customer_name, customer_email, customer_pass, customer_country, customer_city, customer_contact, customer_image, user_role) VALUES (11, 'idiot', 'idiot@gmail.com', '$2y$12$Cfpl7O2fp.joou3SfZ1KK.JqGLN05E3D3wXtRPH3IZ2iQAF7xKMmy', 'FR', 'bnb', '0666666666', NULL, 2);
-- INSERT INTO customer (customer_id, customer_name, customer_email, customer_pass, customer_country, customer_city, customer_contact, customer_image, user_role) VALUES (12, 'theidiot', 'theidiot@gmail.com', '$2y$12$1goJH419.ThFRt6MhBZx5uSw./pgk/GVFLgiqlopEmsXgEKJaVF3K', 'FR', 'bnb', '0666666666', NULL, 2);
-- INSERT INTO customer (customer_id, customer_name, customer_email, customer_pass, customer_country, customer_city, customer_contact, customer_image, user_role) VALUES (13, 'theeidiot', 'theeidiot@gmail.com', '$2y$12$b5tMXMCdt3ysVHIZwF3tMeBwb5lKtWYFr1vkJwy6ZJ.Cgww/eZk4G', 'FR', 'bnb', '0666666666', NULL, 2);
-- INSERT INTO customer (customer_id, customer_name, customer_email, customer_pass, customer_country, customer_city, customer_contact, customer_image, user_role) VALUES (14, 'theeeidiot', 'theeeeidiot@gmail.com', '$2y$12$g4loEieSAieZGXpTLhTXfeWwCFnua.bSnYXSbxLq3ukxLR4Wt9y5i', 'FR', 'bnb', '0666666666', NULL, 2);
-- INSERT INTO customer (customer_id, customer_name, customer_email, customer_pass, customer_country, customer_city, customer_contact, customer_image, user_role) VALUES (15, 'theeeidio', 'theeeeidio@gmail.com', '$2y$12$88ZZfl5EDRpHTvZj8lTUwOhgL/SSYvxuE8T.TBdUtPkEUu83hIowa', 'FR', 'bnb', '0666666666', NULL, 2);
-- INSERT INTO customer (customer_id, customer_name, customer_email, customer_pass, customer_country, customer_city, customer_contact, customer_image, user_role) VALUES (16, 'theeeidi', 'theeeeidi@gmail.com', '$2y$12$iirShWKX9V91Q1eWszmYV.to6j5OynvAXJikm85P6Nci4J.auwXV2', 'FR', 'bnb', '0666666666', NULL, 2);
-- INSERT INTO customer (customer_id, customer_name, customer_email, customer_pass, customer_country, customer_city, customer_contact, customer_image, user_role) VALUES (17, 'theeeid', 'theeeeid@gmail.com', '$2y$12$afsgt6C1/0ya.HPPx8FHIecfuTViMfPj19omX9jwClpaIjbnkidqG', 'FR', 'bnb', '0666666666', NULL, 2);
-- INSERT INTO customer (customer_id, customer_name, customer_email, customer_pass, customer_country, customer_city, customer_contact, customer_image, user_role) VALUES (18, 'theeei', 'theeeei@gmail.com', '$2y$12$1Eu6QudgmviB.OXaUoyI6OCTjMfXul5mKx8zY7R7e5HV.VaZw48ya', 'FR', 'bnb', '0666666666', NULL, 2);
-- INSERT INTO customer (customer_id, customer_name, customer_email, customer_pass, customer_country, customer_city, customer_contact, customer_image, user_role) VALUES (19, 'theeeib', 'theeeeib@gmail.com', '$2y$12$c/jnbT/uXRPuzbwDykm7de/5y/Fnc/wfLvxMLKgc6Q8WvknyCF4RC', 'FR', 'bnb', '0666666666', NULL, 2);
-- INSERT INTO customer (customer_id, customer_name, customer_email, customer_pass, customer_country, customer_city, customer_contact, customer_image, user_role) VALUES (20, 'theeeibv', 'theeeeibv@gmail.com', '$2y$12$MZ2MddrvFPC.fz37dafbyu8/TEPaaDLHIK4kAY3eVk7pw.MTP2mXS', 'FR', 'bnb', '0666666666', NULL, 2);
-- INSERT INTO customer (customer_id, customer_name, customer_email, customer_pass, customer_country, customer_city, customer_contact, customer_image, user_role) VALUES (21, 'hi', 'hi@gmail.com', '$2y$12$agTwtPMovLkQSqKceY7icewDnfJDjzSwwN54K3vcxj8PqEnhsce.K', 'DE', 'ferfe', '0333333333', NULL, 2);
-- INSERT INTO customer (customer_id, customer_name, customer_email, customer_pass, customer_country, customer_city, customer_contact, customer_image, user_role) VALUES (22, 'hehe', 'hehe@gmail.com', '$2y$12$W2EVhy9ReXxdP9QLDBpN7ORZWD9qcGYnu1AsRba0rYRr25N1s4Ciu', 'US', 'ef', '0999999999', NULL, 2);
-- INSERT INTO customer (customer_id, customer_name, customer_email, customer_pass, customer_country, customer_city, customer_contact, customer_image, user_role) VALUES (23, 'nene', 'nene@gmail.com', '$2y$12$L5tjkNa7/iPRKe.13R/B5..RF9BZLuxG7KAOtmHYYpMR4ExJ/4zRq', 'US', 'ffe', '0999999999', NULL, 2);
-- INSERT INTO customer (customer_id, customer_name, customer_email, customer_pass, customer_country, customer_city, customer_contact, customer_image, user_role) VALUES (24, 'Nenee', 'Nenee@gmail.com', '$2y$12$Ux/kAjkFjRi/DkgTBRJVIuut9EphQVwSzM9cNIMFT5k4NopyLdPLC', 'FR', 'sfwefe', '0541234567', NULL, 2);
-- INSERT INTO customer (customer_id, customer_name, customer_email, customer_pass, customer_country, customer_city, customer_contact, customer_image, user_role) VALUES (25, 'Neneer', 'Neneer@gmail.com', '$2y$12$d8OZqnNveIqNM7L0B2652eaHOikyusJ/xzBSBsENvJi7Fe.wQvXAK', 'FR', 'sfwefe', '0541234567', NULL, 2);
-- INSERT INTO customer (customer_id, customer_name, customer_email, customer_pass, customer_country, customer_city, customer_contact, customer_image, user_role) VALUES (26, 'name', 'name@gmail.com', '$2y$12$t1pb0vfhlkNkaO16GGRGH.3G3FB/JFi.J7MichA3M43Y2IrlkWuWG', 'CA', 'rtwrt', '0541234567', NULL, 2);
-- INSERT INTO customer (customer_id, customer_name, customer_email, customer_pass, customer_country, customer_city, customer_contact, customer_image, user_role) VALUES (27, 'namewe', 'namewe@gmail.com', '$2y$12$tDb0l3IK9UOy/MGNb1Deke2HYJ2bem3.fJm8VbMDU6mm9fWlbedga', 'CA', 'rtwrt', '0541234567', NULL, 2);
-- INSERT INTO customer (customer_id, customer_name, customer_email, customer_pass, customer_country, customer_city, customer_contact, customer_image, user_role) VALUES (28, 'gh', 'gh@gmail.com', '$2y$12$hpS27HW7BEtzlCscc97oc.gbliIxECc5kLO0scmL7O/MOBrsvbuhG', 'FR', 'dfdfd', '0544444444', NULL, 2);
-- INSERT INTO customer (customer_id, customer_name, customer_email, customer_pass, customer_country, customer_city, customer_contact, customer_image, user_role) VALUES (29, 'ghhh', 'ghhh@gmail.com', '$2y$12$97YzLRha2Y1fvN5bJEH3zu4KAgDg0goYw1AL7iu8TmoqE7tdOBV8i', 'FR', 'dfdfd', '0544444444', NULL, 2);
-- INSERT INTO customer (customer_id, customer_name, customer_email, customer_pass, customer_country, customer_city, customer_contact, customer_image, user_role) VALUES (30, 'nini', 'nini@gmail.com', '$2y$12$QCyd2OTNzvwiZt9F5aYvFOqk9gZ.92/oKu9pnwYuq3MMAwCgnIryW', 'FR', 'fefe', '0544444444', NULL, 2);
-- INSERT INTO customer (customer_id, customer_name, customer_email, customer_pass, customer_country, customer_city, customer_contact, customer_image, user_role) VALUES (31, 'victor', 'rader@gmail.com', '$2y$12$wcq2mHdtDiY.DWOQqjh2fOCl6SFgFWrSA.pZED/4vU5nAFxH6Ovg.', 'JP', 'accra', '0766654321', NULL, 2);
-- INSERT INTO customer (customer_id, customer_name, customer_email, customer_pass, customer_country, customer_city, customer_contact, customer_image, user_role) VALUES (32, 'Admin User', 'admin@test.com', '$2y$10$cbHN8V3lWkcF3ipiNmDtM.1W8AtW7TxhR3H9vB4ZJZ2IbE6EgXfsy', 'US', 'New York', '1234567890', NULL, 1);
-- INSERT INTO customer (customer_id, customer_name, customer_email, customer_pass, customer_country, customer_city, customer_contact, customer_image, user_role) VALUES (33, 'Seller User', 'seller1@test.com', '$2y$10$qc6Y7EV7O8Wdnp/D2bL67.ACmh3wF/tATePxwIWsS/9v.pVy5Jtqq', 'US', 'Los Angeles', '0987654321', NULL, 2);
-- INSERT INTO customer (customer_id, customer_name, customer_email, customer_pass, customer_country, customer_city, customer_contact, customer_image, user_role) VALUES (34, 'Buyer User', 'buyer1@test.com', '$2y$10$Ab2FzWjCbe18pmlNFyU4Y.RW6vNSkhCokPpwCOCuyzvLMdbQ630Wq', 'US', 'Chicago', '1122334455', NULL, 2);

SET FOREIGN_KEY_CHECKS = 1;
